URL,Error
{'https://www.basketball-reference.com/boxscores/202210180BOS.html'},''
{'https://www.basketball-reference.com/boxscores/202210180GSW.html'},''
{'https://www.basketball-reference.com/boxscores/202210190DET.html'},''
{'https://www.basketball-reference.com/boxscores/202210190IND.html'},''
{'https://www.basketball-reference.com/boxscores/202210190ATL.html'},''
{'https://www.basketball-reference.com/boxscores/202210190BRK.html'},''
{'https://www.basketball-reference.com/boxscores/202210190MEM.html'},''
{'https://www.basketball-reference.com/boxscores/202210190MIA.html'},''
{'https://www.basketball-reference.com/boxscores/202210190TOR.html'},''
{'https://www.basketball-reference.com/boxscores/202210190MIN.html'},''
{'https://www.basketball-reference.com/boxscores/202210190SAS.html'},''
{'https://www.basketball-reference.com/boxscores/202210190UTA.html'},''
{'https://www.basketball-reference.com/boxscores/202210190PHO.html'},''
{'https://www.basketball-reference.com/boxscores/202210190SAC.html'},''
{'https://www.basketball-reference.com/boxscores/202210200PHI.html'},''
{'https://www.basketball-reference.com/boxscores/202210200LAL.html'},''
{'https://www.basketball-reference.com/boxscores/202210210CHO.html'},''
{'https://www.basketball-reference.com/boxscores/202210210IND.html'},''
{'https://www.basketball-reference.com/boxscores/202210210WAS.html'},''
{'https://www.basketball-reference.com/boxscores/202210210ATL.html'},''
{'https://www.basketball-reference.com/boxscores/202210210BRK.html'},''
{'https://www.basketball-reference.com/boxscores/202210210MIA.html'},''
{'https://www.basketball-reference.com/boxscores/202210210NYK.html'},''
{'https://www.basketball-reference.com/boxscores/202210210HOU.html'},''
{'https://www.basketball-reference.com/boxscores/202210210MIN.html'},''
{'https://www.basketball-reference.com/boxscores/202210210GSW.html'},''
{'https://www.basketball-reference.com/boxscores/202210210POR.html'},''
{'https://www.basketball-reference.com/boxscores/202210220PHI.html'},''
{'https://www.basketball-reference.com/boxscores/202210220IND.html'},''
{'https://www.basketball-reference.com/boxscores/202210220ORL.html'},''
{'https://www.basketball-reference.com/boxscores/202210220CHI.html'},''
{'https://www.basketball-reference.com/boxscores/202210220MIA.html'},''
{'https://www.basketball-reference.com/boxscores/202210220MIL.html'},''
{'https://www.basketball-reference.com/boxscores/202210220DAL.html'},'NoneType' object has no attribute 'text'
{'https://www.basketball-reference.com/boxscores/202210220DEN.html'},'NoneType' object has no attribute 'text'
{'https://www.basketball-reference.com/boxscores/202210220SAC.html'},'NoneType' object has no attribute 'text'
{'https://www.basketball-reference.com/boxscores/202210230LAL.html'},'NoneType' object has no attribute 'text'
{'https://www.basketball-reference.com/boxscores/202210230ATL.html'},'NoneType' object has no attribute 'text'
{'https://www.basketball-reference.com/boxscores/202210230CLE.html'},'NoneType' object has no attribute 'text'
{'https://www.basketball-reference.com/boxscores/202210230NOP.html'},'NoneType' object has no attribute 'text'
{'https://www.basketball-reference.com/boxscores/202210230OKC.html'},'NoneType' object has no attribute 'text'
{'https://www.basketball-reference.com/boxscores/202210230GSW.html'},'NoneType' object has no attribute 'text'
{'https://www.basketball-reference.com/boxscores/202210230LAC.html'},'NoneType' object has no attribute 'text'
{'https://www.basketball-reference.com/boxscores/202210240PHI.html'},'NoneType' object has no attribute 'text'
{'https://www.basketball-reference.com/boxscores/202210240MIA.html'},'NoneType' object has no attribute 'text'
{'https://www.basketball-reference.com/boxscores/202210240NYK.html'},'NoneType' object has no attribute 'text'
{'https://www.basketball-reference.com/boxscores/202210240CHI.html'},'NoneType' object has no attribute 'text'
{'https://www.basketball-reference.com/boxscores/202210240HOU.html'},'NoneType' object has no attribute 'text'
{'https://www.basketball-reference.com/boxscores/202210240MEM.html'},'NoneType' object has no attribute 'text'
{'https://www.basketball-reference.com/boxscores/202210240MIN.html'},'NoneType' object has no attribute 'text'
{'https://www.basketball-reference.com/boxscores/202210240POR.html'},'NoneType' object has no attribute 'text'
{'https://www.basketball-reference.com/boxscores/202210250WAS.html'},'NoneType' object has no attribute 'text'
{'https://www.basketball-reference.com/boxscores/202210250NOP.html'},'NoneType' object has no attribute 'text'
{'https://www.basketball-reference.com/boxscores/202210250OKC.html'},'NoneType' object has no attribute 'text'
{'https://www.basketball-reference.com/boxscores/202210250PHO.html'},'NoneType' object has no attribute 'text'
{'https://www.basketball-reference.com/boxscores/202210260CLE.html'},'NoneType' object has no attribute 'text'
{'https://www.basketball-reference.com/boxscores/202210260DET.html'},'NoneType' object has no attribute 'text'
{'https://www.basketball-reference.com/boxscores/202210260MIL.html'},'NoneType' object has no attribute 'text'
{'https://www.basketball-reference.com/boxscores/202210260NYK.html'},'NoneType' object has no attribute 'text'
{'https://www.basketball-reference.com/boxscores/202210260TOR.html'},'NoneType' object has no attribute 'text'
{'https://www.basketball-reference.com/boxscores/202210260CHI.html'},'NoneType' object has no attribute 'text'
{'https://www.basketball-reference.com/boxscores/202210260MIN.html'},'NoneType' object has no attribute 'text'
{'https://www.basketball-reference.com/boxscores/202210260UTA.html'},'NoneType' object has no attribute 'text'
{'https://www.basketball-reference.com/boxscores/202210260DEN.html'},'NoneType' object has no attribute 'text'
{'https://www.basketball-reference.com/boxscores/202210260POR.html'},'NoneType' object has no attribute 'text'
{'https://www.basketball-reference.com/boxscores/202210270BRK.html'},'NoneType' object has no attribute 'text'
{'https://www.basketball-reference.com/boxscores/202210270OKC.html'},'NoneType' object has no attribute 'text'
{'https://www.basketball-reference.com/boxscores/202210270GSW.html'},'NoneType' object has no attribute 'text'
{'https://www.basketball-reference.com/boxscores/202210270SAC.html'},'NoneType' object has no attribute 'text'
{'https://www.basketball-reference.com/boxscores/202210280DET.html'},'NoneType' object has no attribute 'text'
{'https://www.basketball-reference.com/boxscores/202210280ORL.html'},'NoneType' object has no attribute 'text'
{'https://www.basketball-reference.com/boxscores/202210280BOS.html'},'NoneType' object has no attribute 'text'
{'https://www.basketball-reference.com/boxscores/202210280TOR.html'},'NoneType' object has no attribute 'text'
{'https://www.basketball-reference.com/boxscores/202210280WAS.html'},'NoneType' object has no attribute 'text'
{'https://www.basketball-reference.com/boxscores/202210280MIL.html'},'NoneType' object has no attribute 'text'
{'https://www.basketball-reference.com/boxscores/202210280MIN.html'},'NoneType' object has no attribute 'text'
{'https://www.basketball-reference.com/boxscores/202210280SAS.html'},'NoneType' object has no attribute 'text'
{'https://www.basketball-reference.com/boxscores/202210280DEN.html'},'NoneType' object has no attribute 'text'
{'https://www.basketball-reference.com/boxscores/202210280PHO.html'},'NoneType' object has no attribute 'text'
{'https://www.basketball-reference.com/boxscores/202210280POR.html'},'NoneType' object has no attribute 'text'
{'https://www.basketball-reference.com/boxscores/202210290SAC.html'},'NoneType' object has no attribute 'text'
{'https://www.basketball-reference.com/boxscores/202210290CHO.html'},'NoneType' object has no attribute 'text'
{'https://www.basketball-reference.com/boxscores/202210290BRK.html'},'NoneType' object has no attribute 'text'
{'https://www.basketball-reference.com/boxscores/202210290CHI.html'},'NoneType' object has no attribute 'text'
{'https://www.basketball-reference.com/boxscores/202210290MIL.html'},'NoneType' object has no attribute 'text'
{'https://www.basketball-reference.com/boxscores/202210290DAL.html'},'NoneType' object has no attribute 'text'
{'https://www.basketball-reference.com/boxscores/202210290UTA.html'},'NoneType' object has no attribute 'text'
{'https://www.basketball-reference.com/boxscores/202210300LAC.html'},'NoneType' object has no attribute 'text'
{'https://www.basketball-reference.com/boxscores/202210300BOS.html'},'NoneType' object has no attribute 'text'
{'https://www.basketball-reference.com/boxscores/202210300CLE.html'},'NoneType' object has no attribute 'text'
{'https://www.basketball-reference.com/boxscores/202210300DET.html'},'NoneType' object has no attribute 'text'
{'https://www.basketball-reference.com/boxscores/202210300SAS.html'},'NoneType' object has no attribute 'text'
{'https://www.basketball-reference.com/boxscores/202210300DAL.html'},'NoneType' object has no attribute 'text'
{'https://www.basketball-reference.com/boxscores/202210300PHO.html'},'NoneType' object has no attribute 'text'
{'https://www.basketball-reference.com/boxscores/202210300LAL.html'},'NoneType' object has no attribute 'text'
{'https://www.basketball-reference.com/boxscores/202210310CHO.html'},'NoneType' object has no attribute 'text'
{'https://www.basketball-reference.com/boxscores/202210310WAS.html'},'NoneType' object has no attribute 'text'
{'https://www.basketball-reference.com/boxscores/202210310BRK.html'},'NoneType' object has no attribute 'text'
{'https://www.basketball-reference.com/boxscores/202210310TOR.html'},'NoneType' object has no attribute 'text'
{'https://www.basketball-reference.com/boxscores/202210310MIL.html'},'NoneType' object has no attribute 'text'
{'https://www.basketball-reference.com/boxscores/202210310UTA.html'},'NoneType' object has no attribute 'text'
{'https://www.basketball-reference.com/boxscores/202210310LAC.html'},'NoneType' object has no attribute 'text'
{'https://www.basketball-reference.com/boxscores/202211010BRK.html'},'NoneType' object has no attribute 'text'
{'https://www.basketball-reference.com/boxscores/202211010MIA.html'},'NoneType' object has no attribute 'text'
{'https://www.basketball-reference.com/boxscores/202211010OKC.html'},'NoneType' object has no attribute 'text'
{'https://www.basketball-reference.com/boxscores/202211010PHO.html'},'NoneType' object has no attribute 'text'
{'https://www.basketball-reference.com/boxscores/202211020PHI.html'},'NoneType' object has no attribute 'text'
{'https://www.basketball-reference.com/boxscores/202211020CLE.html'},'NoneType' object has no attribute 'text'
{'https://www.basketball-reference.com/boxscores/202211020MIA.html'},'NoneType' object has no attribute 'text'
{'https://www.basketball-reference.com/boxscores/202211020NYK.html'},'NoneType' object has no attribute 'text'
{'https://www.basketball-reference.com/boxscores/202211020CHI.html'},'NoneType' object has no attribute 'text'
{'https://www.basketball-reference.com/boxscores/202211020HOU.html'},'NoneType' object has no attribute 'text'
{'https://www.basketball-reference.com/boxscores/202211020MIL.html'},'NoneType' object has no attribute 'text'
{'https://www.basketball-reference.com/boxscores/202211020SAS.html'},'NoneType' object has no attribute 'text'
{'https://www.basketball-reference.com/boxscores/202211020DAL.html'},'NoneType' object has no attribute 'text'
{'https://www.basketball-reference.com/boxscores/202211020POR.html'},'NoneType' object has no attribute 'text'
{'https://www.basketball-reference.com/boxscores/202211020LAL.html'},'NoneType' object has no attribute 'text'
{'https://www.basketball-reference.com/boxscores/202211030ORL.html'},'NoneType' object has no attribute 'text'
{'https://www.basketball-reference.com/boxscores/202211030OKC.html'},'NoneType' object has no attribute 'text'
{'https://www.basketball-reference.com/boxscores/202211040DET.html'},'NoneType' object has no attribute 'text'
{'https://www.basketball-reference.com/boxscores/202211040IND.html'},'NoneType' object has no attribute 'text'
{'https://www.basketball-reference.com/boxscores/202211040PHI.html'},'NoneType' object has no attribute 'text'
{'https://www.basketball-reference.com/boxscores/202211040WAS.html'},'NoneType' object has no attribute 'text'
{'https://www.basketball-reference.com/boxscores/202211040BOS.html'},'NoneType' object has no attribute 'text'
{'https://www.basketball-reference.com/boxscores/202211040MEM.html'},'NoneType' object has no attribute 'text'
{'https://www.basketball-reference.com/boxscores/202211040SAS.html'},'NoneType' object has no attribute 'text'
{'https://www.basketball-reference.com/boxscores/202211040DAL.html'},'NoneType' object has no attribute 'text'
{'https://www.basketball-reference.com/boxscores/202211040NOP.html'},'NoneType' object has no attribute 'text'
{'https://www.basketball-reference.com/boxscores/202211040MIN.html'},'NoneType' object has no attribute 'text'
{'https://www.basketball-reference.com/boxscores/202211040PHO.html'},'NoneType' object has no attribute 'text'
{'https://www.basketball-reference.com/boxscores/202211040LAL.html'},'NoneType' object has no attribute 'text'
{'https://www.basketball-reference.com/boxscores/202211050ORL.html'},'NoneType' object has no attribute 'text'
{'https://www.basketball-reference.com/boxscores/202211050CHO.html'},'NoneType' object has no attribute 'text'
{'https://www.basketball-reference.com/boxscores/202211050ATL.html'},'NoneType' object has no attribute 'text'
{'https://www.basketball-reference.com/boxscores/202211050NYK.html'},'NoneType' object has no attribute 'text'
{'https://www.basketball-reference.com/boxscores/202211050MIL.html'},'NoneType' object has no attribute 'text'
{'https://www.basketball-reference.com/boxscores/202211050MIN.html'},'NoneType' object has no attribute 'text'
{'https://www.basketball-reference.com/boxscores/202211050DEN.html'},'NoneType' object has no attribute 'text'
{'https://www.basketball-reference.com/boxscores/202211050PHO.html'},'NoneType' object has no attribute 'text'
{'https://www.basketball-reference.com/boxscores/202211060LAL.html'},'NoneType' object has no attribute 'text'
{'https://www.basketball-reference.com/boxscores/202211060MEM.html'},'NoneType' object has no attribute 'text'
{'https://www.basketball-reference.com/boxscores/202211060TOR.html'},'NoneType' object has no attribute 'text'
{'https://www.basketball-reference.com/boxscores/202211060LAC.html'},'NoneType' object has no attribute 'text'
{'https://www.basketball-reference.com/boxscores/202211070CHO.html'},'NoneType' object has no attribute 'text'
{'https://www.basketball-reference.com/boxscores/202211070ORL.html'},'NoneType' object has no attribute 'text'
{'https://www.basketball-reference.com/boxscores/202211070DET.html'},'NoneType' object has no attribute 'text'
{'https://www.basketball-reference.com/boxscores/202211070IND.html'},'NoneType' object has no attribute 'text'
{'https://www.basketball-reference.com/boxscores/202211070PHI.html'},'NoneType' object has no attribute 'text'
{'https://www.basketball-reference.com/boxscores/202211070ATL.html'},'NoneType' object has no attribute 'text'
{'https://www.basketball-reference.com/boxscores/202211070MIA.html'},'NoneType' object has no attribute 'text'
{'https://www.basketball-reference.com/boxscores/202211070CHI.html'},'NoneType' object has no attribute 'text'
{'https://www.basketball-reference.com/boxscores/202211070MEM.html'},'NoneType' object has no attribute 'text'
{'https://www.basketball-reference.com/boxscores/202211070MIN.html'},'NoneType' object has no attribute 'text'
{'https://www.basketball-reference.com/boxscores/202211070SAS.html'},'NoneType' object has no attribute 'text'
{'https://www.basketball-reference.com/boxscores/202211070DAL.html'},'NoneType' object has no attribute 'text'
{'https://www.basketball-reference.com/boxscores/202211070GSW.html'},'NoneType' object has no attribute 'text'
{'https://www.basketball-reference.com/boxscores/202211070UTA.html'},'NoneType' object has no attribute 'text'
{'https://www.basketball-reference.com/boxscores/202211070LAC.html'},'NoneType' object has no attribute 'text'
{'https://www.basketball-reference.com/boxscores/202211090ORL.html'},'NoneType' object has no attribute 'text'
{'https://www.basketball-reference.com/boxscores/202211090CHO.html'},'NoneType' object has no attribute 'text'
{'https://www.basketball-reference.com/boxscores/202211090IND.html'},'NoneType' object has no attribute 'text'
{'https://www.basketball-reference.com/boxscores/202211090ATL.html'},'NoneType' object has no attribute 'text'
{'https://www.basketball-reference.com/boxscores/202211090BOS.html'},'NoneType' object has no attribute 'text'
{'https://www.basketball-reference.com/boxscores/202211090BRK.html'},'NoneType' object has no attribute 'text'
{'https://www.basketball-reference.com/boxscores/202211090TOR.html'},'NoneType' object has no attribute 'text'
{'https://www.basketball-reference.com/boxscores/202211090CHI.html'},'NoneType' object has no attribute 'text'
{'https://www.basketball-reference.com/boxscores/202211090MIN.html'},'NoneType' object has no attribute 'text'
{'https://www.basketball-reference.com/boxscores/202211090OKC.html'},'NoneType' object has no attribute 'text'
{'https://www.basketball-reference.com/boxscores/202211090SAS.html'},'NoneType' object has no attribute 'text'
{'https://www.basketball-reference.com/boxscores/202211090LAC.html'},'NoneType' object has no attribute 'text'
{'https://www.basketball-reference.com/boxscores/202211090SAC.html'},'NoneType' object has no attribute 'text'
{'https://www.basketball-reference.com/boxscores/202211100WAS.html'},'NoneType' object has no attribute 'text'
{'https://www.basketball-reference.com/boxscores/202211100ATL.html'},'NoneType' object has no attribute 'text'
{'https://www.basketball-reference.com/boxscores/202211100MIA.html'},'NoneType' object has no attribute 'text'
{'https://www.basketball-reference.com/boxscores/202211100NOP.html'},'NoneType' object has no attribute 'text'
{'https://www.basketball-reference.com/boxscores/202211110BOS.html'},'NoneType' object has no attribute 'text'
{'https://www.basketball-reference.com/boxscores/202211110ORL.html'},'NoneType' object has no attribute 'text'
{'https://www.basketball-reference.com/boxscores/202211110NYK.html'},'NoneType' object has no attribute 'text'
{'https://www.basketball-reference.com/boxscores/202211110OKC.html'},'NoneType' object has no attribute 'text'
{'https://www.basketball-reference.com/boxscores/202211110SAS.html'},'NoneType' object has no attribute 'text'
{'https://www.basketball-reference.com/boxscores/202211110MEM.html'},'NoneType' object has no attribute 'text'
{'https://www.basketball-reference.com/boxscores/202211110GSW.html'},'NoneType' object has no attribute 'text'
{'https://www.basketball-reference.com/boxscores/202211110LAL.html'},'NoneType' object has no attribute 'text'
{'https://www.basketball-reference.com/boxscores/202211120LAC.html'},'NoneType' object has no attribute 'text'
{'https://www.basketball-reference.com/boxscores/202211120WAS.html'},'NoneType' object has no attribute 'text'
{'https://www.basketball-reference.com/boxscores/202211120DET.html'},'NoneType' object has no attribute 'text'
{'https://www.basketball-reference.com/boxscores/202211120IND.html'},'NoneType' object has no attribute 'text'
{'https://www.basketball-reference.com/boxscores/202211120PHI.html'},'NoneType' object has no attribute 'text'
{'https://www.basketball-reference.com/boxscores/202211120MIA.html'},'NoneType' object has no attribute 'text'
{'https://www.basketball-reference.com/boxscores/202211120DAL.html'},'NoneType' object has no attribute 'text'
{'https://www.basketball-reference.com/boxscores/202211120NOP.html'},'NoneType' object has no attribute 'text'
{'https://www.basketball-reference.com/boxscores/202211130NYK.html'},'NoneType' object has no attribute 'text'
{'https://www.basketball-reference.com/boxscores/202211130CLE.html'},'NoneType' object has no attribute 'text'
{'https://www.basketball-reference.com/boxscores/202211130WAS.html'},'NoneType' object has no attribute 'text'
{'https://www.basketball-reference.com/boxscores/202211130PHI.html'},'NoneType' object has no attribute 'text'
{'https://www.basketball-reference.com/boxscores/202211130CHI.html'},'NoneType' object has no attribute 'text'
{'https://www.basketball-reference.com/boxscores/202211130SAC.html'},'NoneType' object has no attribute 'text'
{'https://www.basketball-reference.com/boxscores/202211130LAL.html'},'NoneType' object has no attribute 'text'
{'https://www.basketball-reference.com/boxscores/202211140DET.html'},'NoneType' object has no attribute 'text'
{'https://www.basketball-reference.com/boxscores/202211140ORL.html'},'NoneType' object has no attribute 'text'
{'https://www.basketball-reference.com/boxscores/202211140BOS.html'},'NoneType' object has no attribute 'text'
{'https://www.basketball-reference.com/boxscores/202211140MIA.html'},'NoneType' object has no attribute 'text'
{'https://www.basketball-reference.com/boxscores/202211140HOU.html'},'NoneType' object has no attribute 'text'
{'https://www.basketball-reference.com/boxscores/202211140MIL.html'},'NoneType' object has no attribute 'text'
{'https://www.basketball-reference.com/boxscores/202211140GSW.html'},'NoneType' object has no attribute 'text'
{'https://www.basketball-reference.com/boxscores/202211150NOP.html'},'NoneType' object has no attribute 'text'
{'https://www.basketball-reference.com/boxscores/202211150DAL.html'},'NoneType' object has no attribute 'text'
{'https://www.basketball-reference.com/boxscores/202211150UTA.html'},'NoneType' object has no attribute 'text'
{'https://www.basketball-reference.com/boxscores/202211150POR.html'},'NoneType' object has no attribute 'text'
{'https://www.basketball-reference.com/boxscores/202211150SAC.html'},'NoneType' object has no attribute 'text'
{'https://www.basketball-reference.com/boxscores/202211160CHO.html'},'NoneType' object has no attribute 'text'
{'https://www.basketball-reference.com/boxscores/202211160ORL.html'},'NoneType' object has no attribute 'text'
{'https://www.basketball-reference.com/boxscores/202211160WAS.html'},'NoneType' object has no attribute 'text'
{'https://www.basketball-reference.com/boxscores/202211160ATL.html'},'NoneType' object has no attribute 'text'
{'https://www.basketball-reference.com/boxscores/202211160TOR.html'},'NoneType' object has no attribute 'text'
{'https://www.basketball-reference.com/boxscores/202211160MIL.html'},'NoneType' object has no attribute 'text'
{'https://www.basketball-reference.com/boxscores/202211160NOP.html'},'NoneType' object has no attribute 'text'
{'https://www.basketball-reference.com/boxscores/202211160DAL.html'},'NoneType' object has no attribute 'text'
{'https://www.basketball-reference.com/boxscores/202211160DEN.html'},'NoneType' object has no attribute 'text'
{'https://www.basketball-reference.com/boxscores/202211160PHO.html'},'NoneType' object has no attribute 'text'
{'https://www.basketball-reference.com/boxscores/202211170POR.html'},'NoneType' object has no attribute 'text'
{'https://www.basketball-reference.com/boxscores/202211170SAC.html'},'NoneType' object has no attribute 'text'
{'https://www.basketball-reference.com/boxscores/202211170LAC.html'},'NoneType' object has no attribute 'text'
{'https://www.basketball-reference.com/boxscores/202211180WAS.html'},'NoneType' object has no attribute 'text'
{'https://www.basketball-reference.com/boxscores/202211180CLE.html'},'NoneType' object has no attribute 'text'
{'https://www.basketball-reference.com/boxscores/202211180PHI.html'},'NoneType' object has no attribute 'text'
{'https://www.basketball-reference.com/boxscores/202211180CHI.html'},'NoneType' object has no attribute 'text'
{'https://www.basketball-reference.com/boxscores/202211180HOU.html'},'NoneType' object has no attribute 'text'
{'https://www.basketball-reference.com/boxscores/202211180MEM.html'},'NoneType' object has no attribute 'text'
{'https://www.basketball-reference.com/boxscores/202211180DAL.html'},'NoneType' object has no attribute 'text'
{'https://www.basketball-reference.com/boxscores/202211180NOP.html'},'NoneType' object has no attribute 'text'
{'https://www.basketball-reference.com/boxscores/202211180UTA.html'},'NoneType' object has no attribute 'text'
{'https://www.basketball-reference.com/boxscores/202211180GSW.html'},'NoneType' object has no attribute 'text'
{'https://www.basketball-reference.com/boxscores/202211180LAL.html'},'NoneType' object has no attribute 'text'
{'https://www.basketball-reference.com/boxscores/202211190ATL.html'},'NoneType' object has no attribute 'text'
{'https://www.basketball-reference.com/boxscores/202211190IND.html'},'NoneType' object has no attribute 'text'
{'https://www.basketball-reference.com/boxscores/202211190PHI.html'},'NoneType' object has no attribute 'text'
{'https://www.basketball-reference.com/boxscores/202211190POR.html'},'NoneType' object has no attribute 'text'
{'https://www.basketball-reference.com/boxscores/202211190LAC.html'},'NoneType' object has no attribute 'text'
{'https://www.basketball-reference.com/boxscores/202211200PHO.html'},'NoneType' object has no attribute 'text'
{'https://www.basketball-reference.com/boxscores/202211200SAC.html'},'NoneType' object has no attribute 'text'
{'https://www.basketball-reference.com/boxscores/202211200WAS.html'},'NoneType' object has no attribute 'text'
{'https://www.basketball-reference.com/boxscores/202211200BRK.html'},'NoneType' object has no attribute 'text'
{'https://www.basketball-reference.com/boxscores/202211200CLE.html'},'NoneType' object has no attribute 'text'
{'https://www.basketball-reference.com/boxscores/202211200HOU.html'},'NoneType' object has no attribute 'text'
{'https://www.basketball-reference.com/boxscores/202211200DAL.html'},'NoneType' object has no attribute 'text'
{'https://www.basketball-reference.com/boxscores/202211200LAL.html'},'NoneType' object has no attribute 'text'
{'https://www.basketball-reference.com/boxscores/202211210CLE.html'},'NoneType' object has no attribute 'text'
{'https://www.basketball-reference.com/boxscores/202211210IND.html'},'NoneType' object has no attribute 'text'
{'https://www.basketball-reference.com/boxscores/202211210CHI.html'},'NoneType' object has no attribute 'text'
{'https://www.basketball-reference.com/boxscores/202211210MIL.html'},'NoneType' object has no attribute 'text'
{'https://www.basketball-reference.com/boxscores/202211210MIN.html'},'NoneType' object has no attribute 'text'
{'https://www.basketball-reference.com/boxscores/202211210NOP.html'},'NoneType' object has no attribute 'text'
{'https://www.basketball-reference.com/boxscores/202211210OKC.html'},'NoneType' object has no attribute 'text'
{'https://www.basketball-reference.com/boxscores/202211210LAC.html'},'NoneType' object has no attribute 'text'
{'https://www.basketball-reference.com/boxscores/202211220PHI.html'},'NoneType' object has no attribute 'text'
{'https://www.basketball-reference.com/boxscores/202211220MEM.html'},'NoneType' object has no attribute 'text'
{'https://www.basketball-reference.com/boxscores/202211220DEN.html'},'NoneType' object has no attribute 'text'
{'https://www.basketball-reference.com/boxscores/202211220PHO.html'},'NoneType' object has no attribute 'text'
{'https://www.basketball-reference.com/boxscores/202211230CHO.html'},'NoneType' object has no attribute 'text'
{'https://www.basketball-reference.com/boxscores/202211230CLE.html'},'NoneType' object has no attribute 'text'
{'https://www.basketball-reference.com/boxscores/202211230IND.html'},'NoneType' object has no attribute 'text'
{'https://www.basketball-reference.com/boxscores/202211230ATL.html'},'NoneType' object has no attribute 'text'
{'https://www.basketball-reference.com/boxscores/202211230BOS.html'},'NoneType' object has no attribute 'text'
{'https://www.basketball-reference.com/boxscores/202211230MIA.html'},'NoneType' object has no attribute 'text'
{'https://www.basketball-reference.com/boxscores/202211230TOR.html'},'NoneType' object has no attribute 'text'
{'https://www.basketball-reference.com/boxscores/202211230MIL.html'},'NoneType' object has no attribute 'text'
{'https://www.basketball-reference.com/boxscores/202211230OKC.html'},'NoneType' object has no attribute 'text'
{'https://www.basketball-reference.com/boxscores/202211230SAS.html'},'NoneType' object has no attribute 'text'
{'https://www.basketball-reference.com/boxscores/202211230UTA.html'},'NoneType' object has no attribute 'text'
{'https://www.basketball-reference.com/boxscores/202211230GSW.html'},'NoneType' object has no attribute 'text'
{'https://www.basketball-reference.com/boxscores/202211250CHO.html'},'NoneType' object has no attribute 'text'
{'https://www.basketball-reference.com/boxscores/202211250ORL.html'},'NoneType' object has no attribute 'text'
{'https://www.basketball-reference.com/boxscores/202211250NYK.html'},'NoneType' object has no attribute 'text'
{'https://www.basketball-reference.com/boxscores/202211250BOS.html'},'NoneType' object has no attribute 'text'
{'https://www.basketball-reference.com/boxscores/202211250HOU.html'},'NoneType' object has no attribute 'text'
{'https://www.basketball-reference.com/boxscores/202211250IND.html'},'NoneType' object has no attribute 'text'
{'https://www.basketball-reference.com/boxscores/202211250MEM.html'},'NoneType' object has no attribute 'text'
{'https://www.basketball-reference.com/boxscores/202211250MIA.html'},'NoneType' object has no attribute 'text'
{'https://www.basketball-reference.com/boxscores/202211250MIL.html'},'NoneType' object has no attribute 'text'
{'https://www.basketball-reference.com/boxscores/202211250OKC.html'},'NoneType' object has no attribute 'text'
{'https://www.basketball-reference.com/boxscores/202211250SAS.html'},'NoneType' object has no attribute 'text'
{'https://www.basketball-reference.com/boxscores/202211250PHO.html'},'NoneType' object has no attribute 'text'
{'https://www.basketball-reference.com/boxscores/202211250GSW.html'},'NoneType' object has no attribute 'text'
{'https://www.basketball-reference.com/boxscores/202211250LAC.html'},'NoneType' object has no attribute 'text'
{'https://www.basketball-reference.com/boxscores/202211260TOR.html'},'NoneType' object has no attribute 'text'
{'https://www.basketball-reference.com/boxscores/202211260HOU.html'},'NoneType' object has no attribute 'text'
{'https://www.basketball-reference.com/boxscores/202211260SAS.html'},'NoneType' object has no attribute 'text'
{'https://www.basketball-reference.com/boxscores/202211260PHO.html'},'NoneType' object has no attribute 'text'
{'https://www.basketball-reference.com/boxscores/202211270BRK.html'},'NoneType' object has no attribute 'text'
{'https://www.basketball-reference.com/boxscores/202211270MIN.html'},'NoneType' object has no attribute 'text'
{'https://www.basketball-reference.com/boxscores/202211270LAC.html'},'NoneType' object has no attribute 'text'
{'https://www.basketball-reference.com/boxscores/202211270ATL.html'},'NoneType' object has no attribute 'text'
{'https://www.basketball-reference.com/boxscores/202211270BOS.html'},'NoneType' object has no attribute 'text'
{'https://www.basketball-reference.com/boxscores/202211270DET.html'},'NoneType' object has no attribute 'text'
{'https://www.basketball-reference.com/boxscores/202211270NYK.html'},'NoneType' object has no attribute 'text'
{'https://www.basketball-reference.com/boxscores/202211270ORL.html'},'NoneType' object has no attribute 'text'
{'https://www.basketball-reference.com/boxscores/202211270MIL.html'},'NoneType' object has no attribute 'text'
{'https://www.basketball-reference.com/boxscores/202211280PHI.html'},'NoneType' object has no attribute 'text'
{'https://www.basketball-reference.com/boxscores/202211280WAS.html'},'NoneType' object has no attribute 'text'
{'https://www.basketball-reference.com/boxscores/202211280BOS.html'},'NoneType' object has no attribute 'text'
{'https://www.basketball-reference.com/boxscores/202211280BRK.html'},'NoneType' object has no attribute 'text'
{'https://www.basketball-reference.com/boxscores/202211280TOR.html'},'NoneType' object has no attribute 'text'
{'https://www.basketball-reference.com/boxscores/202211280NOP.html'},'NoneType' object has no attribute 'text'
{'https://www.basketball-reference.com/boxscores/202211280DEN.html'},'NoneType' object has no attribute 'text'
{'https://www.basketball-reference.com/boxscores/202211280UTA.html'},'NoneType' object has no attribute 'text'
{'https://www.basketball-reference.com/boxscores/202211280SAC.html'},'NoneType' object has no attribute 'text'
{'https://www.basketball-reference.com/boxscores/202211280LAL.html'},'NoneType' object has no attribute 'text'
{'https://www.basketball-reference.com/boxscores/202211290DET.html'},'NoneType' object has no attribute 'text'
{'https://www.basketball-reference.com/boxscores/202211290DAL.html'},'NoneType' object has no attribute 'text'
{'https://www.basketball-reference.com/boxscores/202211290POR.html'},'NoneType' object has no attribute 'text'
{'https://www.basketball-reference.com/boxscores/202211300CLE.html'},'NoneType' object has no attribute 'text'
{'https://www.basketball-reference.com/boxscores/202211300ORL.html'},'NoneType' object has no attribute 'text'
{'https://www.basketball-reference.com/boxscores/202211300BOS.html'},'NoneType' object has no attribute 'text'
{'https://www.basketball-reference.com/boxscores/202211300BRK.html'},'NoneType' object has no attribute 'text'
{'https://www.basketball-reference.com/boxscores/202211300NYK.html'},'NoneType' object has no attribute 'text'
{'https://www.basketball-reference.com/boxscores/202211300MIN.html'},'NoneType' object has no attribute 'text'
{'https://www.basketball-reference.com/boxscores/202211300NOP.html'},'NoneType' object has no attribute 'text'
{'https://www.basketball-reference.com/boxscores/202211300OKC.html'},'NoneType' object has no attribute 'text'
{'https://www.basketball-reference.com/boxscores/202211300DEN.html'},'NoneType' object has no attribute 'text'
{'https://www.basketball-reference.com/boxscores/202211300PHO.html'},'NoneType' object has no attribute 'text'
{'https://www.basketball-reference.com/boxscores/202211300UTA.html'},'NoneType' object has no attribute 'text'
{'https://www.basketball-reference.com/boxscores/202211300SAC.html'},'NoneType' object has no attribute 'text'
{'https://www.basketball-reference.com/boxscores/202211300LAL.html'},'NoneType' object has no attribute 'text'
{'https://www.basketball-reference.com/boxscores/202212010DET.html'},'NoneType' object has no attribute 'text'
{'https://www.basketball-reference.com/boxscores/202212020CHO.html'},'NoneType' object has no attribute 'text'
{'https://www.basketball-reference.com/boxscores/202212020ATL.html'},'NoneType' object has no attribute 'text'
{'https://www.basketball-reference.com/boxscores/202212020BOS.html'},'NoneType' object has no attribute 'text'
{'https://www.basketball-reference.com/boxscores/202212020BRK.html'},'NoneType' object has no attribute 'text'
{'https://www.basketball-reference.com/boxscores/202212020CLE.html'},'NoneType' object has no attribute 'text'
{'https://www.basketball-reference.com/boxscores/202212020MIL.html'},'NoneType' object has no attribute 'text'
{'https://www.basketball-reference.com/boxscores/202212020MEM.html'},'NoneType' object has no attribute 'text'
{'https://www.basketball-reference.com/boxscores/202212020SAS.html'},'NoneType' object has no attribute 'text'
{'https://www.basketball-reference.com/boxscores/202212020PHO.html'},'NoneType' object has no attribute 'text'
{'https://www.basketball-reference.com/boxscores/202212020UTA.html'},'NoneType' object has no attribute 'text'
{'https://www.basketball-reference.com/boxscores/202212020GSW.html'},'NoneType' object has no attribute 'text'
{'https://www.basketball-reference.com/boxscores/202212030NYK.html'},'NoneType' object has no attribute 'text'
{'https://www.basketball-reference.com/boxscores/202212030LAC.html'},'NoneType' object has no attribute 'text'
{'https://www.basketball-reference.com/boxscores/202212030CHO.html'},'NoneType' object has no attribute 'text'
{'https://www.basketball-reference.com/boxscores/202212030MIN.html'},'NoneType' object has no attribute 'text'
{'https://www.basketball-reference.com/boxscores/202212030TOR.html'},'NoneType' object has no attribute 'text'
{'https://www.basketball-reference.com/boxscores/202212030GSW.html'},'NoneType' object has no attribute 'text'
{'https://www.basketball-reference.com/boxscores/202212030UTA.html'},'NoneType' object has no attribute 'text'
{'https://www.basketball-reference.com/boxscores/202212040NOP.html'},'NoneType' object has no attribute 'text'
{'https://www.basketball-reference.com/boxscores/202212040SAS.html'},'NoneType' object has no attribute 'text'
{'https://www.basketball-reference.com/boxscores/202212040BRK.html'},'NoneType' object has no attribute 'text'
{'https://www.basketball-reference.com/boxscores/202212040DET.html'},'NoneType' object has no attribute 'text'
{'https://www.basketball-reference.com/boxscores/202212040NYK.html'},'NoneType' object has no attribute 'text'
{'https://www.basketball-reference.com/boxscores/202212040SAC.html'},'NoneType' object has no attribute 'text'
{'https://www.basketball-reference.com/boxscores/202212040WAS.html'},'NoneType' object has no attribute 'text'
{'https://www.basketball-reference.com/boxscores/202212040POR.html'},'NoneType' object has no attribute 'text'
{'https://www.basketball-reference.com/boxscores/202212050CHO.html'},'NoneType' object has no attribute 'text'
{'https://www.basketball-reference.com/boxscores/202212050ORL.html'},'NoneType' object has no attribute 'text'
{'https://www.basketball-reference.com/boxscores/202212050ATL.html'},'NoneType' object has no attribute 'text'
{'https://www.basketball-reference.com/boxscores/202212050TOR.html'},'NoneType' object has no attribute 'text'
{'https://www.basketball-reference.com/boxscores/202212050HOU.html'},'NoneType' object has no attribute 'text'
{'https://www.basketball-reference.com/boxscores/202212050MEM.html'},'NoneType' object has no attribute 'text'
{'https://www.basketball-reference.com/boxscores/202212050DAL.html'},'NoneType' object has no attribute 'text'
{'https://www.basketball-reference.com/boxscores/202212050GSW.html'},'NoneType' object has no attribute 'text'
{'https://www.basketball-reference.com/boxscores/202212060CLE.html'},'NoneType' object has no attribute 'text'
{'https://www.basketball-reference.com/boxscores/202212060MIA.html'},'NoneType' object has no attribute 'text'
{'https://www.basketball-reference.com/boxscores/202212060DEN.html'},'NoneType' object has no attribute 'text'
{'https://www.basketball-reference.com/boxscores/202212070ORL.html'},'NoneType' object has no attribute 'text'
{'https://www.basketball-reference.com/boxscores/202212070BRK.html'},'NoneType' object has no attribute 'text'
{'https://www.basketball-reference.com/boxscores/202212070NYK.html'},'NoneType' object has no attribute 'text'
{'https://www.basketball-reference.com/boxscores/202212070TOR.html'},'NoneType' object has no attribute 'text'
{'https://www.basketball-reference.com/boxscores/202212070CHI.html'},'NoneType' object has no attribute 'text'
{'https://www.basketball-reference.com/boxscores/202212070MEM.html'},'NoneType' object has no attribute 'text'
{'https://www.basketball-reference.com/boxscores/202212070MIL.html'},'NoneType' object has no attribute 'text'
{'https://www.basketball-reference.com/boxscores/202212070MIN.html'},'NoneType' object has no attribute 'text'
{'https://www.basketball-reference.com/boxscores/202212070NOP.html'},'NoneType' object has no attribute 'text'
{'https://www.basketball-reference.com/boxscores/202212070UTA.html'},'NoneType' object has no attribute 'text'
{'https://www.basketball-reference.com/boxscores/202212070PHO.html'},'NoneType' object has no attribute 'text'
{'https://www.basketball-reference.com/boxscores/202212080MIA.html'},'NoneType' object has no attribute 'text'
{'https://www.basketball-reference.com/boxscores/202212080SAS.html'},'NoneType' object has no attribute 'text'
{'https://www.basketball-reference.com/boxscores/202212080POR.html'},'NoneType' object has no attribute 'text'
{'https://www.basketball-reference.com/boxscores/202212090CHO.html'},'NoneType' object has no attribute 'text'
{'https://www.basketball-reference.com/boxscores/202212090IND.html'},'NoneType' object has no attribute 'text'
{'https://www.basketball-reference.com/boxscores/202212090ORL.html'},'NoneType' object has no attribute 'text'
{'https://www.basketball-reference.com/boxscores/202212090BRK.html'},'NoneType' object has no attribute 'text'
{'https://www.basketball-reference.com/boxscores/202212090CLE.html'},'NoneType' object has no attribute 'text'
{'https://www.basketball-reference.com/boxscores/202212090PHI.html'},'NoneType' object has no attribute 'text'
{'https://www.basketball-reference.com/boxscores/202212090MEM.html'},'NoneType' object has no attribute 'text'
{'https://www.basketball-reference.com/boxscores/202212090NOP.html'},'NoneType' object has no attribute 'text'
{'https://www.basketball-reference.com/boxscores/202212090UTA.html'},'NoneType' object has no attribute 'text'
{'https://www.basketball-reference.com/boxscores/202212090DAL.html'},'NoneType' object has no attribute 'text'
{'https://www.basketball-reference.com/boxscores/202212100MIA.html'},'NoneType' object has no attribute 'text'
{'https://www.basketball-reference.com/boxscores/202212100IND.html'},'NoneType' object has no attribute 'text'
{'https://www.basketball-reference.com/boxscores/202212100WAS.html'},'NoneType' object has no attribute 'text'
{'https://www.basketball-reference.com/boxscores/202212100CLE.html'},'NoneType' object has no attribute 'text'
{'https://www.basketball-reference.com/boxscores/202212100CHI.html'},'NoneType' object has no attribute 'text'
{'https://www.basketball-reference.com/boxscores/202212100GSW.html'},'NoneType' object has no attribute 'text'
{'https://www.basketball-reference.com/boxscores/202212100DEN.html'},'NoneType' object has no attribute 'text'
{'https://www.basketball-reference.com/boxscores/202212100POR.html'},'NoneType' object has no attribute 'text'
{'https://www.basketball-reference.com/boxscores/202212110NOP.html'},'NoneType' object has no attribute 'text'
{'https://www.basketball-reference.com/boxscores/202212110DET.html'},'NoneType' object has no attribute 'text'
{'https://www.basketball-reference.com/boxscores/202212110NYK.html'},'NoneType' object has no attribute 'text'
{'https://www.basketball-reference.com/boxscores/202212110ORL.html'},'NoneType' object has no attribute 'text'
{'https://www.basketball-reference.com/boxscores/202212110PHI.html'},'NoneType' object has no attribute 'text'
{'https://www.basketball-reference.com/boxscores/202212110ATL.html'},'NoneType' object has no attribute 'text'
{'https://www.basketball-reference.com/boxscores/202212110HOU.html'},'NoneType' object has no attribute 'text'
{'https://www.basketball-reference.com/boxscores/202212120IND.html'},'NoneType' object has no attribute 'text'
{'https://www.basketball-reference.com/boxscores/202212120WAS.html'},'NoneType' object has no attribute 'text'
{'https://www.basketball-reference.com/boxscores/202212120MEM.html'},'NoneType' object has no attribute 'text'
{'https://www.basketball-reference.com/boxscores/202212120DAL.html'},'NoneType' object has no attribute 'text'
{'https://www.basketball-reference.com/boxscores/202212120SAS.html'},'NoneType' object has no attribute 'text'
{'https://www.basketball-reference.com/boxscores/202212120POR.html'},'NoneType' object has no attribute 'text'
{'https://www.basketball-reference.com/boxscores/202212120LAC.html'},'NoneType' object has no attribute 'text'
{'https://www.basketball-reference.com/boxscores/202212130PHI.html'},'NoneType' object has no attribute 'text'
{'https://www.basketball-reference.com/boxscores/202212130MIL.html'},'NoneType' object has no attribute 'text'
{'https://www.basketball-reference.com/boxscores/202212130HOU.html'},'NoneType' object has no attribute 'text'
{'https://www.basketball-reference.com/boxscores/202212130UTA.html'},'NoneType' object has no attribute 'text'
{'https://www.basketball-reference.com/boxscores/202212130LAL.html'},'NoneType' object has no attribute 'text'
{'https://www.basketball-reference.com/boxscores/202212140CHO.html'},'NoneType' object has no attribute 'text'
{'https://www.basketball-reference.com/boxscores/202212140IND.html'},'NoneType' object has no attribute 'text'
{'https://www.basketball-reference.com/boxscores/202212140ORL.html'},'NoneType' object has no attribute 'text'
{'https://www.basketball-reference.com/boxscores/202212140CHI.html'},'NoneType' object has no attribute 'text'
{'https://www.basketball-reference.com/boxscores/202212140TOR.html'},'NoneType' object has no attribute 'text'
{'https://www.basketball-reference.com/boxscores/202212140OKC.html'},'NoneType' object has no attribute 'text'
{'https://www.basketball-reference.com/boxscores/202212140SAS.html'},'NoneType' object has no attribute 'text'
{'https://www.basketball-reference.com/boxscores/202212140DAL.html'},'NoneType' object has no attribute 'text'
{'https://www.basketball-reference.com/boxscores/202212140DEN.html'},'NoneType' object has no attribute 'text'
{'https://www.basketball-reference.com/boxscores/202212140LAC.html'},'NoneType' object has no attribute 'text'
{'https://www.basketball-reference.com/boxscores/202212150HOU.html'},'NoneType' object has no attribute 'text'
{'https://www.basketball-reference.com/boxscores/202212150MEM.html'},'NoneType' object has no attribute 'text'
{'https://www.basketball-reference.com/boxscores/202212150UTA.html'},'NoneType' object has no attribute 'text'
{'https://www.basketball-reference.com/boxscores/202212150LAC.html'},'NoneType' object has no attribute 'text'
{'https://www.basketball-reference.com/boxscores/202212160CHO.html'},'NoneType' object has no attribute 'text'
{'https://www.basketball-reference.com/boxscores/202212160DET.html'},'NoneType' object has no attribute 'text'
{'https://www.basketball-reference.com/boxscores/202212160BOS.html'},'NoneType' object has no attribute 'text'
{'https://www.basketball-reference.com/boxscores/202212160CLE.html'},'NoneType' object has no attribute 'text'
{'https://www.basketball-reference.com/boxscores/202212160PHI.html'},'NoneType' object has no attribute 'text'
{'https://www.basketball-reference.com/boxscores/202212160TOR.html'},'NoneType' object has no attribute 'text'
{'https://www.basketball-reference.com/boxscores/202212160CHI.html'},'NoneType' object has no attribute 'text'
{'https://www.basketball-reference.com/boxscores/202212160OKC.html'},'NoneType' object has no attribute 'text'
{'https://www.basketball-reference.com/boxscores/202212160DAL.html'},'NoneType' object has no attribute 'text'
{'https://www.basketball-reference.com/boxscores/202212160LAL.html'},'NoneType' object has no attribute 'text'
{'https://www.basketball-reference.com/boxscores/202212170LAC.html'},'NoneType' object has no attribute 'text'
{'https://www.basketball-reference.com/boxscores/202212170SAS.html'},'NoneType' object has no attribute 'text'
{'https://www.basketball-reference.com/boxscores/202212170CLE.html'},'NoneType' object has no attribute 'text'
{'https://www.basketball-reference.com/boxscores/202212170HOU.html'},'NoneType' object has no attribute 'text'
{'https://www.basketball-reference.com/boxscores/202212170MIL.html'},'NoneType' object has no attribute 'text'
{'https://www.basketball-reference.com/boxscores/202212170OKC.html'},'NoneType' object has no attribute 'text'
{'https://www.basketball-reference.com/boxscores/202212170PHO.html'},'NoneType' object has no attribute 'text'
{'https://www.basketball-reference.com/boxscores/202212180BOS.html'},'NoneType' object has no attribute 'text'
{'https://www.basketball-reference.com/boxscores/202212180IND.html'},'NoneType' object has no attribute 'text'
{'https://www.basketball-reference.com/boxscores/202212180DET.html'},'NoneType' object has no attribute 'text'
{'https://www.basketball-reference.com/boxscores/202212180TOR.html'},'NoneType' object has no attribute 'text'
{'https://www.basketball-reference.com/boxscores/202212180MIN.html'},'NoneType' object has no attribute 'text'
{'https://www.basketball-reference.com/boxscores/202212180DEN.html'},'NoneType' object has no attribute 'text'
{'https://www.basketball-reference.com/boxscores/202212180LAL.html'},'NoneType' object has no attribute 'text'
{'https://www.basketball-reference.com/boxscores/202212190CLE.html'},'NoneType' object has no attribute 'text'
{'https://www.basketball-reference.com/boxscores/202212190PHI.html'},'NoneType' object has no attribute 'text'
{'https://www.basketball-reference.com/boxscores/202212190ATL.html'},'NoneType' object has no attribute 'text'
{'https://www.basketball-reference.com/boxscores/202212190HOU.html'},'NoneType' object has no attribute 'text'
{'https://www.basketball-reference.com/boxscores/202212190MIN.html'},'NoneType' object has no attribute 'text'
{'https://www.basketball-reference.com/boxscores/202212190NOP.html'},'NoneType' object has no attribute 'text'
{'https://www.basketball-reference.com/boxscores/202212190OKC.html'},'NoneType' object has no attribute 'text'
{'https://www.basketball-reference.com/boxscores/202212190PHO.html'},'NoneType' object has no attribute 'text'
{'https://www.basketball-reference.com/boxscores/202212190SAC.html'},'NoneType' object has no attribute 'text'
{'https://www.basketball-reference.com/boxscores/202212200DET.html'},'NoneType' object has no attribute 'text'
{'https://www.basketball-reference.com/boxscores/202212200MIA.html'},'NoneType' object has no attribute 'text'
{'https://www.basketball-reference.com/boxscores/202212200NYK.html'},'NoneType' object has no attribute 'text'
{'https://www.basketball-reference.com/boxscores/202212200PHO.html'},'NoneType' object has no attribute 'text'
{'https://www.basketball-reference.com/boxscores/202212200DEN.html'},'NoneType' object has no attribute 'text'
{'https://www.basketball-reference.com/boxscores/202212210CLE.html'},'NoneType' object has no attribute 'text'
{'https://www.basketball-reference.com/boxscores/202212210PHI.html'},'NoneType' object has no attribute 'text'
{'https://www.basketball-reference.com/boxscores/202212210ATL.html'},'NoneType' object has no attribute 'text'
{'https://www.basketball-reference.com/boxscores/202212210BOS.html'},'NoneType' object has no attribute 'text'
{'https://www.basketball-reference.com/boxscores/202212210BRK.html'},'NoneType' object has no attribute 'text'
{'https://www.basketball-reference.com/boxscores/202212210NYK.html'},'NoneType' object has no attribute 'text'
{'https://www.basketball-reference.com/boxscores/202212210HOU.html'},'NoneType' object has no attribute 'text'
{'https://www.basketball-reference.com/boxscores/202212210MIN.html'},'NoneType' object has no attribute 'text'
{'https://www.basketball-reference.com/boxscores/202212210OKC.html'},'NoneType' object has no attribute 'text'
{'https://www.basketball-reference.com/boxscores/202212210SAC.html'},'NoneType' object has no attribute 'text'
{'https://www.basketball-reference.com/boxscores/202212210LAC.html'},'NoneType' object has no attribute 'text'
{'https://www.basketball-reference.com/boxscores/202212220NOP.html'},'NoneType' object has no attribute 'text'
{'https://www.basketball-reference.com/boxscores/202212220UTA.html'},'NoneType' object has no attribute 'text'
{'https://www.basketball-reference.com/boxscores/202212230ORL.html'},'NoneType' object has no attribute 'text'
{'https://www.basketball-reference.com/boxscores/202212230PHI.html'},'NoneType' object has no attribute 'text'
{'https://www.basketball-reference.com/boxscores/202212230ATL.html'},'NoneType' object has no attribute 'text'
{'https://www.basketball-reference.com/boxscores/202212230BOS.html'},'NoneType' object has no attribute 'text'
{'https://www.basketball-reference.com/boxscores/202212230BRK.html'},'NoneType' object has no attribute 'text'
{'https://www.basketball-reference.com/boxscores/202212230CLE.html'},'NoneType' object has no attribute 'text'
{'https://www.basketball-reference.com/boxscores/202212230NYK.html'},'NoneType' object has no attribute 'text'
{'https://www.basketball-reference.com/boxscores/202212230HOU.html'},'NoneType' object has no attribute 'text'
{'https://www.basketball-reference.com/boxscores/202212230MIA.html'},'NoneType' object has no attribute 'text'
{'https://www.basketball-reference.com/boxscores/202212230OKC.html'},'NoneType' object has no attribute 'text'
{'https://www.basketball-reference.com/boxscores/202212230DEN.html'},'NoneType' object has no attribute 'text'
{'https://www.basketball-reference.com/boxscores/202212230PHO.html'},'NoneType' object has no attribute 'text'
{'https://www.basketball-reference.com/boxscores/202212230SAC.html'},'NoneType' object has no attribute 'text'
{'https://www.basketball-reference.com/boxscores/202212230LAL.html'},'NoneType' object has no attribute 'text'
{'https://www.basketball-reference.com/boxscores/202212250NYK.html'},'NoneType' object has no attribute 'text'
{'https://www.basketball-reference.com/boxscores/202212250DAL.html'},'NoneType' object has no attribute 'text'
{'https://www.basketball-reference.com/boxscores/202212250BOS.html'},'NoneType' object has no attribute 'text'
{'https://www.basketball-reference.com/boxscores/202212250GSW.html'},'NoneType' object has no attribute 'text'
{'https://www.basketball-reference.com/boxscores/202212250DEN.html'},'NoneType' object has no attribute 'text'
{'https://www.basketball-reference.com/boxscores/202212260CLE.html'},'NoneType' object has no attribute 'text'
{'https://www.basketball-reference.com/boxscores/202212260DET.html'},'NoneType' object has no attribute 'text'
{'https://www.basketball-reference.com/boxscores/202212260MIA.html'},'NoneType' object has no attribute 'text'
{'https://www.basketball-reference.com/boxscores/202212260CHI.html'},'NoneType' object has no attribute 'text'
{'https://www.basketball-reference.com/boxscores/202212260NOP.html'},'NoneType' object has no attribute 'text'
{'https://www.basketball-reference.com/boxscores/202212260SAS.html'},'NoneType' object has no attribute 'text'
{'https://www.basketball-reference.com/boxscores/202212260POR.html'},'NoneType' object has no attribute 'text'
{'https://www.basketball-reference.com/boxscores/202212270ORL.html'},'NoneType' object has no attribute 'text'
{'https://www.basketball-reference.com/boxscores/202212270WAS.html'},'NoneType' object has no attribute 'text'
{'https://www.basketball-reference.com/boxscores/202212270BOS.html'},'NoneType' object has no attribute 'text'
{'https://www.basketball-reference.com/boxscores/202212270IND.html'},'NoneType' object has no attribute 'text'
{'https://www.basketball-reference.com/boxscores/202212270TOR.html'},'NoneType' object has no attribute 'text'
{'https://www.basketball-reference.com/boxscores/202212270MEM.html'},'NoneType' object has no attribute 'text'
{'https://www.basketball-reference.com/boxscores/202212270OKC.html'},'NoneType' object has no attribute 'text'
{'https://www.basketball-reference.com/boxscores/202212270DAL.html'},'NoneType' object has no attribute 'text'
{'https://www.basketball-reference.com/boxscores/202212270GSW.html'},'NoneType' object has no attribute 'text'
{'https://www.basketball-reference.com/boxscores/202212270SAC.html'},'NoneType' object has no attribute 'text'
{'https://www.basketball-reference.com/boxscores/202212280DET.html'},'NoneType' object has no attribute 'text'
{'https://www.basketball-reference.com/boxscores/202212280WAS.html'},'NoneType' object has no attribute 'text'
{'https://www.basketball-reference.com/boxscores/202212280ATL.html'},'NoneType' object has no attribute 'text'
{'https://www.basketball-reference.com/boxscores/202212280MIA.html'},'NoneType' object has no attribute 'text'
{'https://www.basketball-reference.com/boxscores/202212280CHI.html'},'NoneType' object has no attribute 'text'
{'https://www.basketball-reference.com/boxscores/202212280NOP.html'},'NoneType' object has no attribute 'text'
{'https://www.basketball-reference.com/boxscores/202212280GSW.html'},'NoneType' object has no attribute 'text'
{'https://www.basketball-reference.com/boxscores/202212280SAC.html'},'NoneType' object has no attribute 'text'
{'https://www.basketball-reference.com/boxscores/202212290CHO.html'},'NoneType' object has no attribute 'text'
{'https://www.basketball-reference.com/boxscores/202212290IND.html'},'NoneType' object has no attribute 'text'
{'https://www.basketball-reference.com/boxscores/202212290BOS.html'},'NoneType' object has no attribute 'text'
{'https://www.basketball-reference.com/boxscores/202212290TOR.html'},'NoneType' object has no attribute 'text'
{'https://www.basketball-reference.com/boxscores/202212290SAS.html'},'NoneType' object has no attribute 'text'
{'https://www.basketball-reference.com/boxscores/202212290DAL.html'},'NoneType' object has no attribute 'text'
{'https://www.basketball-reference.com/boxscores/202212300ORL.html'},'NoneType' object has no attribute 'text'
{'https://www.basketball-reference.com/boxscores/202212300ATL.html'},'NoneType' object has no attribute 'text'
{'https://www.basketball-reference.com/boxscores/202212300TOR.html'},'NoneType' object has no attribute 'text'
{'https://www.basketball-reference.com/boxscores/202212300CHI.html'},'NoneType' object has no attribute 'text'
{'https://www.basketball-reference.com/boxscores/202212300MIL.html'},'NoneType' object has no attribute 'text'
{'https://www.basketball-reference.com/boxscores/202212300NOP.html'},'NoneType' object has no attribute 'text'
{'https://www.basketball-reference.com/boxscores/202212300DEN.html'},'NoneType' object has no attribute 'text'
{'https://www.basketball-reference.com/boxscores/202212300GSW.html'},'NoneType' object has no attribute 'text'
{'https://www.basketball-reference.com/boxscores/202212300SAC.html'},'NoneType' object has no attribute 'text'
{'https://www.basketball-reference.com/boxscores/202212310IND.html'},'NoneType' object has no attribute 'text'
{'https://www.basketball-reference.com/boxscores/202212310CHI.html'},'NoneType' object has no attribute 'text'
{'https://www.basketball-reference.com/boxscores/202212310CHO.html'},'NoneType' object has no attribute 'text'
{'https://www.basketball-reference.com/boxscores/202212310HOU.html'},'NoneType' object has no attribute 'text'
{'https://www.basketball-reference.com/boxscores/202212310SAS.html'},'NoneType' object has no attribute 'text'
{'https://www.basketball-reference.com/boxscores/202212310MEM.html'},'NoneType' object has no attribute 'text'
{'https://www.basketball-reference.com/boxscores/202212310MIN.html'},'NoneType' object has no attribute 'text'
{'https://www.basketball-reference.com/boxscores/202212310OKC.html'},'NoneType' object has no attribute 'text'
{'https://www.basketball-reference.com/boxscores/202212310UTA.html'},'NoneType' object has no attribute 'text'
